_id,username,email,profilePicture,hourStay,cost,plateNumber,phoneNumber,createdAt
6640195b43df89dc0bba2ee1,Well-placeda,bernita99@hotmail.com,https://picsum.photos/seed/Il7ez8wv7D/640/480,4,20000,B4W3T9S1,(861) 213-9322 x777,2024-05-12 01:20:27.470000
6640195b43df89dc0bba2ee4,Duskysuperhi,felicita42@yahoo.com,https://picsum.photos/seed/tKGqzaZoK/640/480,7,35000,B8C2X4V5,794-485-6055,2024-05-12 01:20:27.669000
6640195c43df89dc0bba2ee7,Rapidspatula,macie.kemmer29@yahoo.com,https://picsum.photos/seed/iC6uZrY/640/480,2,10000,B7J8Z5T2,1-700-810-0785 x142,2024-05-12 01:20:27.828000
6640195c43df89dc0bba2eea,Riotousgamet,cordia30@hotmail.com,https://picsum.photos/seed/I5zhd/640/480,4,20000,B6J1W4T9,(287) 811-3914,2024-05-12 01:20:27.999000
6640195c43df89dc0bba2eed,Crudeclipper,cassidy85@hotmail.com,https://picsum.photos/seed/83aZQEEVt/640/480,4,20000,B7W9N3T2,748-451-3798 x47215,2024-05-12 01:20:28.340000
6640195c43df89dc0bba2ef0,Rampantexult,beverly.koss@gmail.com,https://picsum.photos/seed/07n0ZI/640/480,10,50000,B4B7X2J6,(482) 650-7566,2024-05-12 01:20:28.524000
6640195c43df89dc0bba2ef3,Blue-collarb,jeromy64@gmail.com,https://picsum.photos/seed/M8lvLiop/640/480,9,45000,B4K7N9W3,(634) 687-0653 x99266,2024-05-12 01:20:28.655000
6640195d43df89dc0bba2ef6,Legislativec,brisa.mills@yahoo.com,https://picsum.photos/seed/FW7Um/640/480,10,50000,B6F3P1R8,1-423-576-0865 x422,2024-05-12 01:20:28.896000
6640195d43df89dc0bba2ef9,Cantankerous,connie_bogisich32@yahoo.com,https://picsum.photos/seed/w3vZr/640/480,2,10000,B6J8H3R1,1-446-867-7783 x84323,2024-05-12 01:20:29.032000
6640195d43df89dc0bba2efc,Philosophica,jimmy.friesen@yahoo.com,https://picsum.photos/seed/jLAYju6ST/640/480,4,20000,B1N3U8M5,(262) 838-4234 x0174,2024-05-12 01:20:29.219000
6640195e43df89dc0bba2eff,Wastefulcomm,johann_hudson17@yahoo.com,https://picsum.photos/seed/BjFKT/640/480,1,5000,B3O23KEZ,(614) 385-0111,2024-05-12 01:20:30.644000
6640195f43df89dc0bba2f02,Beadedpotenc,marianne.pollich@gmail.com,https://picsum.photos/seed/3Llctr/640/480,10,50000,B9R7T4P1,(438) 468-2369 x76691,2024-05-12 01:20:30.788000
6640195f43df89dc0bba2f05,Bilateralold,roy1@gmail.com,https://picsum.photos/seed/96XGgAyzq/640/480,10,50000,B3E8H1T6,923-612-5241,2024-05-12 01:20:31.095000
6640195f43df89dc0bba2f08,Unavoidablep,deonte_langosh@yahoo.com,https://picsum.photos/seed/BKthMyX/640/480,10,50000,B1R8N3X2,828.841.8875 x9001,2024-05-12 01:20:31.349000
6640195f43df89dc0bba2f0b,Intestinalsc,krystina.ortiz@gmail.com,https://picsum.photos/seed/ZoFacH/640/480,6,30000,B5H1W3Z9,437.853.3909 x2184,2024-05-12 01:20:31.511000
6640195f43df89dc0bba2f0e,Post-worldol,alex_gutmann96@hotmail.com,https://picsum.photos/seed/GdZbsHZa85/640/480,2,10000,B2X4V5T8,789.566.7403 x194,2024-05-12 01:20:31.621000
6640195f43df89dc0bba2f11,Inwardcontra,bobby_tremblay@yahoo.com,https://picsum.photos/seed/CBwfp0P/640/480,3,15000,B4K7N9W3,256-292-5765 x35970,2024-05-12 01:20:31.762000
6640196043df89dc0bba2f14,Autocraticdi,rhett_simonis@gmail.com,https://picsum.photos/seed/DYVBxQ/640/480,9,45000,B3P5U9K7,1-317-412-2418,2024-05-12 01:20:31.905000
6640196043df89dc0bba2f17,Governinggua,donald82@gmail.com,https://picsum.photos/seed/NJoEe/640/480,2,10000,B2R7W9J4,1-784-345-2043 x757,2024-05-12 01:20:32.205000
6640196043df89dc0bba2f1a,Afiretension,kellie20@yahoo.com,https://picsum.photos/seed/9Skk1GgS/640/480,5,25000,B5M2W3C9,(259) 349-0025,2024-05-12 01:20:32.342000
6640196143df89dc0bba2f1d,Abstractmadh,pearline_von-labadie67@hotmail.com,https://picsum.photos/seed/p5sX44/640/480,5,25000,B3P5U9K7,(495) 258-0083 x018,2024-05-12 01:20:33.188000
6640196143df89dc0bba2f20,Primalfoothi,stella.hintz@hotmail.com,https://picsum.photos/seed/B6mEKEukm/640/480,6,30000,B2X4V9R1,1-331-264-2657 x5712,2024-05-12 01:20:33.329000
6640196143df89dc0bba2f23,Negligibleco,rafael_aufderhar23@gmail.com,https://picsum.photos/seed/BKHOjuvP/640/480,1,5000,B1H9V5R8,1-907-513-7357 x952,2024-05-12 01:20:33.453000
6640196143df89dc0bba2f26,Consolingsub,weston.weissnat21@gmail.com,https://picsum.photos/seed/FM4Q4/640/480,2,10000,B6S2V4T1,996-760-6265 x8029,2024-05-12 01:20:33.592000
6640196143df89dc0bba2f29,Terroristlau,josiah5@hotmail.com,https://picsum.photos/seed/7sZnRgq/640/480,4,20000,B6D1M7Z3,1-360-869-4625 x8851,2024-05-12 01:20:33.743000
6640196243df89dc0bba2f2c,Masterlycoll,teagan_larkin74@gmail.com,https://picsum.photos/seed/1B2LR3E/640/480,3,15000,B7K2N4U1,1-850-714-6264 x723,2024-05-12 01:20:33.915000
6640196243df89dc0bba2f2f,Interminable,stephania_tremblay38@gmail.com,https://picsum.photos/seed/0lzRQWJ/640/480,6,30000,B6X2R9C1,1-382-688-8119,2024-05-12 01:20:34.077000
6640196243df89dc0bba2f32,Playingpredi,jasen.west87@gmail.com,https://picsum.photos/seed/2CvOe/640/480,9,45000,B8H3U9P2,(378) 209-4165,2024-05-12 01:20:34.212000
6640196243df89dc0bba2f35,Confusingdec,carolyne.kris45@hotmail.com,https://picsum.photos/seed/iaTrWN8/640/480,1,5000,B2Z8R5V7,564-608-3317 x625,2024-05-12 01:20:34.337000
6640196243df89dc0bba2f38,Opposingfros,felicita_hilpert70@hotmail.com,https://picsum.photos/seed/obKHUkUaFq/640/480,9,45000,B5F2J9X6,981-932-1174,2024-05-12 01:20:34.494000
6640199e43df89dc0bba2f3b,Quixotictabl,yessenia.powlowski-ohara@gmail.com,https://picsum.photos/seed/wmLH0liQYs/640/480,6,30000,B8Z1N4K2,1-935-647-3061 x2719,2024-05-12 01:21:34.785000
6640199f43df89dc0bba2f3e,Adventurousc,santa56@gmail.com,https://picsum.photos/seed/B4KpYo/640/480,5,25000,B5H1W3Z9,266-400-1722 x77194,2024-05-12 01:21:34.908000
6640199f43df89dc0bba2f41,Hard-coreimp,dawson_huel@yahoo.com,https://picsum.photos/seed/sPNFhlqfFG/640/480,3,15000,B1S5R2M9,1-562-516-7606 x20808,2024-05-12 01:21:35.021000
6640199f43df89dc0bba2f44,Repressivest,keira_lockman11@yahoo.com,https://picsum.photos/seed/PXUFx/640/480,3,15000,B8C2X4V5,1-785-782-6903 x10438,2024-05-12 01:21:35.136000
6640199f43df89dc0bba2f47,Fifteen-year,name.shields7@yahoo.com,https://picsum.photos/seed/TzyQpJMQUz/640/480,6,30000,B8P2D3X9,1-456-471-6812 x351,2024-05-12 01:21:35.256000
6640199f43df89dc0bba2f4a,Vasculartall,austyn.beier@hotmail.com,https://picsum.photos/seed/rDqlsD6/640/480,1,5000,B4K7N9W3,(514) 527-7966 x3313,2024-05-12 01:21:35.411000
6640199f43df89dc0bba2f4d,Comprehensiv,dexter65@hotmail.com,https://picsum.photos/seed/FqFIBsVb/640/480,1,5000,B5Z3X6J4,263.704.6700 x00590,2024-05-12 01:21:35.682000
664019a043df89dc0bba2f50,Heatedbloodl,adela.grant11@gmail.com,https://picsum.photos/seed/sbXC67XrFb/640/480,7,35000,B8P5F3T1,414.814.7410,2024-05-12 01:21:35.881000
664019a043df89dc0bba2f53,Punishablefi,hudson.thiel@hotmail.com,https://picsum.photos/seed/ypCaas/640/480,8,40000,B4J2S7N1,1-827-525-7395 x834,2024-05-12 01:21:36.099000
664019a143df89dc0bba2f56,Discerningal,lily_prosacco62@yahoo.com,https://picsum.photos/seed/4KEpn/640/480,3,15000,B6D1M7Z3,389.522.3480 x1433,2024-05-12 01:21:36.529000
664019a143df89dc0bba2f59,Helplessecol,anjali.labadie19@yahoo.com,https://picsum.photos/seed/itIJMw/640/480,6,30000,B5F3V2M8,(476) 264-8552,2024-05-12 01:21:36.690000
664019a143df89dc0bba2f5c,Everlastingf,jany.crooks32@gmail.com,https://picsum.photos/seed/hTDDrW/640/480,1,5000,B8Z1M3P9,1-731-716-4782 x2307,2024-05-12 01:21:37.050000
664019a143df89dc0bba2f5f,Travelingsen,jedediah_lynch69@hotmail.com,https://picsum.photos/seed/prfKM2Po8T/640/480,7,35000,B4Z2K7D1,987.886.1807 x6743,2024-05-12 01:21:37.206000
664019a143df89dc0bba2f62,Lingeringphe,renee_crona@yahoo.com,https://picsum.photos/seed/oQ5KqOym/640/480,7,35000,B4K7N1S8,509-261-5660 x167,2024-05-12 01:21:37.474000
664019a243df89dc0bba2f65,Thoroughfigg,florencio72@hotmail.com,https://picsum.photos/seed/AOiP5zb/640/480,7,35000,B9H8X4W1,769.773.1772 x711,2024-05-12 01:21:37.671000
664019a243df89dc0bba2f68,Obscenetrain,estevan.johns8@gmail.com,https://picsum.photos/seed/O4vVPcpOPr/640/480,10,50000,B6J8H3R1,564-908-2298 x01517,2024-05-12 01:21:37.889000
664019a243df89dc0bba2f6b,Murkyappende,larue13@hotmail.com,https://picsum.photos/seed/oE2MY/640/480,1,5000,B4B7X8D5,1-814-750-9513 x96075,2024-05-12 01:21:38.128000
664019a243df89dc0bba2f6e,Overhanginge,leo.torp62@yahoo.com,https://picsum.photos/seed/zW4aPGTns/640/480,10,50000,B1H9V5R8,(584) 895-7720 x80705,2024-05-12 01:21:38.256000
664019a243df89dc0bba2f71,Modernistang,rose.tillman40@yahoo.com,https://picsum.photos/seed/oiQR8K/640/480,7,35000,B8F3Z9W7,(209) 526-8664,2024-05-12 01:21:38.371000
664019a243df89dc0bba2f74,Wealthybound,cassidy_jacobson@gmail.com,https://picsum.photos/seed/QoZ7zbgt8T/640/480,3,15000,B9C4X5V1,275-450-3445 x80751,2024-05-12 01:21:38.473000
664019a243df89dc0bba2f77,Welcomingcom,maegan99@gmail.com,https://picsum.photos/seed/QESHDiOso/640/480,9,45000,B6F3C8S1,(217) 442-7837,2024-05-12 01:21:38.646000
664019a343df89dc0bba2f7a,Deafeningspa,carlie_wiza@yahoo.com,https://picsum.photos/seed/E7oHRbkRI5/640/480,8,40000,B4V5P2R8,1-572-420-9931 x0384,2024-05-12 01:21:38.792000
664019a343df89dc0bba2f7d,Cleverreverb,ralph.bins13@hotmail.com,https://picsum.photos/seed/PDeGf5Oo/640/480,7,35000,B6S2V4T1,1-841-288-6422,2024-05-12 01:21:38.953000
664019a343df89dc0bba2f80,Coherentloin,weston63@gmail.com,https://picsum.photos/seed/9HpRix/640/480,8,40000,B1S8U5R4,323.458.3362,2024-05-12 01:21:39.089000
664019a343df89dc0bba2f83,Geologicalha,maurine_johns@hotmail.com,https://picsum.photos/seed/BIaIOpETTo/640/480,8,40000,B1U5D3R7,223.245.4841 x6386,2024-05-12 01:21:39.203000
664019a343df89dc0bba2f86,World-widesp,dimitri.thompson@yahoo.com,https://picsum.photos/seed/7QYOIwp/640/480,8,40000,B3F7T9S2,355.784.0074,2024-05-12 01:21:39.331000
664019a343df89dc0bba2f89,Academicpart,mozell.mertz@gmail.com,https://picsum.photos/seed/RQqbDdCH/640/480,3,15000,B8M3Z2C1,(201) 252-1139 x0764,2024-05-12 01:21:39.529000
664019a443df89dc0bba2f8c,Flailingcara,beatrice_leffler16@yahoo.com,https://picsum.photos/seed/QmBjL/640/480,3,15000,B9F1M4W6,(718) 465-4004 x5395,2024-05-12 01:21:39.681000
664019a443df89dc0bba2f8f,Red-hotrebuk,shea.schaefer3@yahoo.com,https://picsum.photos/seed/JBY5e/640/480,5,25000,B6R1T7N5,1-500-790-5122,2024-05-12 01:21:39.871000
664019a443df89dc0bba2f92,Proceduralwi,warren54@hotmail.com,https://picsum.photos/seed/bf3bf/640/480,7,35000,B9F1M4W6,793.792.6049 x46975,2024-05-12 01:21:40
664019a443df89dc0bba2f95,Lordlypartic,destiny_leffler69@yahoo.com,https://picsum.photos/seed/O1Ci1oy/640/480,5,25000,B4B7X8D5,309.831.4978 x863,2024-05-12 01:21:40.124000
664019a443df89dc0bba2f98,Forbiddencon,elton_sipes67@gmail.com,https://picsum.photos/seed/YyoKx9/640/480,4,20000,B9Z3K7X1,1-849-338-1911,2024-05-12 01:21:40.270000
664019a443df89dc0bba2f9b,Frayedemissi,abbigail27@hotmail.com,https://picsum.photos/seed/QemmIk/640/480,1,5000,B2X4V5T8,1-484-613-0625,2024-05-12 01:21:40.379000
664019a443df89dc0bba2f9e,Outragedcell,warren31@yahoo.com,https://picsum.photos/seed/g34TJg/640/480,7,35000,B5F2J9X6,1-761-363-5146 x00417,2024-05-12 01:21:40.504000
664019a443df89dc0bba2fa1,Deferredshow,aubrey_macejkovic79@gmail.com,https://picsum.photos/seed/2r8meQ/640/480,9,45000,B6F3P1R8,972.864.9718 x299,2024-05-12 01:21:40.699000
664019a443df89dc0bba2fa4,Menacingswea,boris.casper72@gmail.com,https://picsum.photos/seed/VALC6bA0Je/640/480,10,50000,B1S8U5R4,(781) 383-4716 x886,2024-05-12 01:21:40.848000
664019b043df89dc0bba2fa7,Motionlessle,aric.sawayn@hotmail.com,https://picsum.photos/seed/1zXViSk4x/640/480,2,10000,B8P5F3T1,(778) 295-6469 x7376,2024-05-12 01:21:52.705000
664019b043df89dc0bba2faa,Winsomedange,shyann_kuvalis67@yahoo.com,https://picsum.photos/seed/te4TB/640/480,3,15000,B3P7W9T1,512-840-7833 x3076,2024-05-12 01:21:52.844000
664019b143df89dc0bba2fad,Bright-eyedc,arnaldo_connelly@yahoo.com,https://picsum.photos/seed/OmBtNYxDH1/640/480,5,25000,B3T2P7M1,(922) 527-0128,2024-05-12 01:21:52.994000
664019b143df89dc0bba2fb0,Wastedrange,llewellyn.graham@hotmail.com,https://picsum.photos/seed/rbrVWp0ZBf/640/480,3,15000,B1H9V5R8,730.318.4023 x8396,2024-05-12 01:21:53.153000
664019b143df89dc0bba2fb3,Consistentga,derrick_weimann46@hotmail.com,https://picsum.photos/seed/6IbCv2/640/480,10,50000,B9U2X5Z3,(699) 774-3124 x76596,2024-05-12 01:21:53.379000
664019b143df89dc0bba2fb6,Paramountgre,sydnee.monahan@yahoo.com,https://picsum.photos/seed/pvfzGcFs8P/640/480,2,10000,B8K1X4W7,783-232-2353 x5904,2024-05-12 01:21:53.665000
664019b243df89dc0bba2fb9,Arcanebarman,alexandre34@gmail.com,https://picsum.photos/seed/dbFBFlm9J/640/480,1,5000,B6X2R9C1,1-802-400-2819 x447,2024-05-12 01:21:53.798000
664019b243df89dc0bba2fbc,Ghostlyleak,margaretta46@gmail.com,https://picsum.photos/seed/ic7iI9n/640/480,9,45000,B4K7N1S8,1-580-641-3646,2024-05-12 01:21:53.981000
664019b243df89dc0bba2fbf,In-depthdyna,antoinette.king@gmail.com,https://picsum.photos/seed/zdDaNtRAgR/640/480,9,45000,B4F7J1X3,391.915.4453 x43691,2024-05-12 01:21:54.164000
664019b243df89dc0bba2fc2,Flashingstan,reina64@gmail.com,https://picsum.photos/seed/OAJsnoN/640/480,6,30000,B8N1X3P2,341.995.1172 x6492,2024-05-12 01:21:54.300000
664019b343df89dc0bba2fc5,Pristinerest,ernie_collier@hotmail.com,https://picsum.photos/seed/dq0xpU/640/480,7,35000,B4K7N9W3,549.992.9509 x94358,2024-05-12 01:21:55.555000
664019b343df89dc0bba2fc8,Teasingheadi,rosella.heller-legros@yahoo.com,https://picsum.photos/seed/qtGxF/640/480,3,15000,B6R1T7N5,691-533-9521 x41659,2024-05-12 01:21:55.678000
664019b343df89dc0bba2fcb,Voluptuousfr,isobel_simonis@gmail.com,https://picsum.photos/seed/7v6FOW/640/480,5,25000,B6R4U1P8,219.272.6934 x3910,2024-05-12 01:21:55.792000
664019b443df89dc0bba2fce,Dentalmanneq,lillie73@yahoo.com,https://picsum.photos/seed/Kvdzv/640/480,7,35000,B2N7Y9U6,1-332-700-0581,2024-05-12 01:21:55.916000
664019b443df89dc0bba2fd1,Suffocatingc,dan17@yahoo.com,https://picsum.photos/seed/tAudjrzk/640/480,8,40000,B4J2S7N1,1-912-285-7039 x7192,2024-05-12 01:21:56.068000
664019b443df89dc0bba2fd4,Fretfulvermo,enrico62@yahoo.com,https://picsum.photos/seed/wj33pztc/640/480,8,40000,B9F1M4W6,262-964-4541 x0926,2024-05-12 01:21:56.196000
664019b443df89dc0bba2fd7,Mushybetraye,lew_lehner@gmail.com,https://picsum.photos/seed/8jHYL/640/480,5,25000,B1H9V5R8,1-863-768-4430,2024-05-12 01:21:56.318000
664019b443df89dc0bba2fda,Mercifulchur,elyssa40@yahoo.com,https://picsum.photos/seed/cAXrf9CwKj/640/480,3,15000,B8Z1N4K2,1-929-262-2985 x2394,2024-05-12 01:21:56.443000
664019b443df89dc0bba2fdd,Panickyco-op,kaya_brekke@yahoo.com,https://picsum.photos/seed/06YHJR/640/480,7,35000,B5Z3X6J4,385.693.5360 x023,2024-05-12 01:21:56.576000
664019b443df89dc0bba2fe0,Ferventtune-,clifton_ruecker@yahoo.com,https://picsum.photos/seed/AUWDXo5/640/480,6,30000,B2G6K4X8,892-663-7365 x353,2024-05-12 01:21:56.720000
664019c043df89dc0bba2fe3,Poorlyshowro,bernadette.kunde71@yahoo.com,https://picsum.photos/seed/olbWcTCDH/640/480,1,5000,B2X4V9R1,694-219-5466,2024-05-12 01:22:08.519000
664019c043df89dc0bba2fe6,Contradictor,alvera.bergstrom0@gmail.com,https://picsum.photos/seed/3nM6FVN4/640/480,9,45000,B6X2R9C1,(634) 568-2100 x50822,2024-05-12 01:22:08.651000
664019c043df89dc0bba2fe9,Tastyheadwra,kenna4@yahoo.com,https://picsum.photos/seed/3CJmGFWYuM/640/480,7,35000,B8Z1M3P9,517-847-3664,2024-05-12 01:22:08.788000
664019c143df89dc0bba2fec,Short-sleeve,jeremie_yost@gmail.com,https://picsum.photos/seed/HUfcEZQDF/640/480,2,10000,B2V4C8P3,298-852-4262 x373,2024-05-12 01:22:08.918000
664019c143df89dc0bba2fef,Massivebarbe,sibyl4@hotmail.com,https://picsum.photos/seed/bj52te3/640/480,1,5000,B5Z3X6J4,895.402.7116 x82227,2024-05-12 01:22:09.057000
664019c143df89dc0bba2ff2,Waywardparam,enos_labadie65@yahoo.com,https://picsum.photos/seed/nODlra6Ox/640/480,5,25000,B2Z8R5V7,(480) 415-7951 x4894,2024-05-12 01:22:09.199000
664019c143df89dc0bba2ff5,Shavingdream,claude.grady96@hotmail.com,https://picsum.photos/seed/SFCLe1/640/480,7,35000,B9X2N5S1,348.622.2086 x96186,2024-05-12 01:22:09.347000
664019c143df89dc0bba2ff8,Messypatch,modesto.ullrich38@yahoo.com,https://picsum.photos/seed/Apg6571o3/640/480,10,50000,B8K1X4W7,550.418.1502 x02321,2024-05-12 01:22:09.476000
664019c143df89dc0bba2ffb,Two-monthacc,jeff.king@hotmail.com,https://picsum.photos/seed/1KLDis/640/480,3,15000,B6P2Z4U1,418.267.2996 x714,2024-05-12 01:22:09.640000
664019c143df89dc0bba2ffe,Disgracedlad,kale.schmeler37@gmail.com,https://picsum.photos/seed/VvmLItrxB/640/480,7,35000,B9T7H5K1,783-793-8171 x965,2024-05-12 01:22:09.775000
664019c243df89dc0bba3001,Splinteredfe,tess.mohr15@gmail.com,https://picsum.photos/seed/dASnhJE2D4/640/480,8,40000,B6J8H3R1,1-988-938-5847 x896,2024-05-12 01:22:10.544000
664019c243df89dc0bba3004,Currenttie-u,kurt_graham@yahoo.com,https://picsum.photos/seed/ECt1z/640/480,8,40000,B8Z1N4K2,986.846.7475 x25472,2024-05-12 01:22:10.673000
664019c243df89dc0bba3007,Unbrokengear,ben_rohan11@gmail.com,https://picsum.photos/seed/PWzNdq/640/480,6,30000,B3K5H8Z7,807.851.3465 x904,2024-05-12 01:22:10.816000
664019c343df89dc0bba300a,Hungryevil,belle_morar33@yahoo.com,https://picsum.photos/seed/03PynVV/640/480,9,45000,B9R2S5T7,1-351-668-2890 x8076,2024-05-12 01:22:10.976000
664019c343df89dc0bba300d,Forcedaddict,justen.franey@yahoo.com,https://picsum.photos/seed/myVe9vIAE/640/480,4,20000,B2B4F7X3,(343) 366-8469 x151,2024-05-12 01:22:11.204000
664019c343df89dc0bba3010,Unwieldymari,jillian.beer@gmail.com,https://picsum.photos/seed/vKAqId/640/480,9,45000,B8C2X4V5,1-685-876-2091 x44020,2024-05-12 01:22:11.373000
