plate,id,source,last_digit,type,id,username,email,profilePicture,hourStay,cost,phoneNumber,createdAt
B3C5V7SA,6649a87e4817b6fcf,car,7,odd,6649ae85d0125561e,Unnecessarya,mafalda.baumbach@hotmail.com,https://picsum.photos/200,1,5000,1-320-682-2369 x0658,2024-05-19 07:47:00
B5P9V2NC,6649a87e4817b6fcf,car,2,even,6649ae85d0125561e,Paintedstriv,antoinette_oconnell@yahoo.com,https://picsum.photos/200,3,15000,609-371-0711 x417,2024-05-19 07:47:00
B9X4P1NF,6649a87e4817b6fcf,car,1,odd,6649ae85d0125561e,Elongatedfli,jazmin.hintz@hotmail.com,https://picsum.photos/200,10,50000,1-479-624-3676 x6362,2024-05-19 07:47:00
B3C5V7SA,6649a87e4817b6fcf,car,7,odd,6649ae86d0125561e,Milkyomen,karson.mccullough@hotmail.com,https://picsum.photos/200,3,15000,1-318-806-0229 x693,2024-05-19 07:47:00
B1H9V5RH,6649a87e4817b6fcf,car,5,odd,6649ae86d0125561e,Twentieth-ce,rashad.herman@gmail.com,https://picsum.photos/200,6,30000,703-974-5595 x75761,2024-05-19 07:47:00
B9R7T4PA,6649a87e4817b6fcf,car,4,even,6649ae86d0125561e,Declaredfing,moriah_bruen62@gmail.com,https://picsum.photos/200,9,45000,840-291-6495 x4666,2024-05-19 07:47:00
B4J2S7NA,6649a87e4817b6fcf,car,7,odd,6649ae86d0125561e,Municipalapp,maximus_daugherty@hotmail.com,https://picsum.photos/200,3,15000,821-801-7769 x5439,2024-05-19 07:47:00
B3S8Z2UD,6649a87e4817b6fcf,car,2,even,6649ae86d0125561e,Obnoxiouscap,peter43@hotmail.com,https://picsum.photos/200,7,35000,661.556.2015 x320,2024-05-19 07:47:00
B6R1T7NE,6649a87e4817b6fcf,car,7,odd,6649ae86d0125561e,Persistentlo,tyree_mante53@hotmail.com,https://picsum.photos/200,5,25000,1-351-801-4358,2024-05-19 07:47:00
B1M3U8RG,6649a87e4817b6fcf,car,8,even,6649ae87d0125561e,Prodigioussw,harrison82@gmail.com,https://picsum.photos/200,7,35000,484.402.5649 x06724,2024-05-19 07:47:00
B7U1R8ZA,6649a87e4817b6fcf,car,8,even,6649aeb8d0125561e,Dialecticalc,marion_langworth95@hotmail.com,https://picsum.photos/200,6,30000,246.655.1207 x2178,2024-05-19 07:48:00
B8G2S5UF,6649a87e4817b6fcf,car,5,odd,6649aeb8d0125561e,Methodologic,magdalena.rogahn52@gmail.com,https://picsum.photos/200,3,15000,333.631.4865 x3128,2024-05-19 07:48:00
B9X2W7VE,6649a87e4817b6fcf,car,7,odd,6649aeb8d0125561e,Thatchedqual,alvena_herzog54@yahoo.com,https://picsum.photos/200,10,50000,1-881-385-5989,2024-05-19 07:48:00
B5S7U8TB,6649a87e4817b6fcf,car,8,even,6649aeb8d0125561e,Fierydrain,hallie.harris@gmail.com,https://picsum.photos/200,4,20000,249-920-9206 x6708,2024-05-19 07:48:00
B2R7W9JD,6649a87e4817b6fcf,car,9,odd,6649aeb8d0125561e,Telescopicpu,marianne.walter68@gmail.com,https://picsum.photos/200,9,45000,1-849-263-5413 x4440,2024-05-19 07:48:00
B3P9Z1CE,6649a87e4817b6fcf,car,1,odd,6649aeb8d0125561e,Disorganized,tatum_shields@hotmail.com,https://picsum.photos/200,9,45000,802.835.0356 x019,2024-05-19 07:48:00
B8Z1N4KA,6649a87e4817b6fcf,car,4,even,6649aeb8d0125561e,Continuoussa,jasen.stroman@yahoo.com,https://picsum.photos/200,7,35000,891-513-6985 x22795,2024-05-19 07:48:00
B7J8Z5TB,6649a87e4817b6fcf,car,5,odd,6649aeb9d0125561e,Martialtempe,liliana_tillman157@hotmail.com,https://picsum.photos/200,8,40000,970-299-9048 x334,2024-05-19 07:48:00
B9C4X5VA,6649a87e4817b6fcf,car,5,odd,6649aeb9d0125561e,Appreciative,abigayle.dietrich12@hotmail.com,https://picsum.photos/200,6,30000,672.993.5867,2024-05-19 07:48:00
B7D1R5PC,6649a87e4817b6fcf,car,5,odd,6649aeb9d0125561e,Contagiousna,davonte60@gmail.com,https://picsum.photos/200,9,45000,555.352.8632 x817,2024-05-19 07:48:00
B8P5F3TA,6649a87e4817b6fcf,car,3,odd,6649aed9d0125561e,Clinicalrevo,fredy.dicki@hotmail.com,https://picsum.photos/200,4,20000,813-810-9607 x88976,2024-05-19 07:48:00
B1N3U8ME,6649a87e4817b6fcf,car,8,even,6649aedad0125561e,Dreamycathou,london74@yahoo.com,https://picsum.photos/200,7,35000,1-487-845-8203 x510,2024-05-19 07:48:00
B6D1J7XI,6649a87e4817b6fcf,car,7,odd,6649aedad0125561e,Publishednud,chris17@hotmail.com,https://picsum.photos/200,10,50000,413-891-1948 x7081,2024-05-19 07:48:00
B8Z1N4KA,6649a87e4817b6fcf,car,4,even,6649aedbd0125561e,Continuoussa,jasen.stroman@yahoo.com,https://picsum.photos/200,7,35000,891-513-6985 x22795,2024-05-19 07:48:00
B5S7U8TB,6649a87e4817b6fcf,car,8,even,6649aedbd0125561e,Fierydrain,hallie.harris@gmail.com,https://picsum.photos/200,4,20000,249-920-9206 x6708,2024-05-19 07:48:00
B2R7W9JD,6649a87e4817b6fcf,car,9,odd,6649aedbd0125561e,Telescopicpu,marianne.walter68@gmail.com,https://picsum.photos/200,9,45000,1-849-263-5413 x4440,2024-05-19 07:48:00
B9C4X5VA,6649a87e4817b6fcf,car,5,odd,6649aedbd0125561e,Appreciative,abigayle.dietrich12@hotmail.com,https://picsum.photos/200,6,30000,672.993.5867,2024-05-19 07:48:00
B8P5F3TA,6649a87e4817b6fcf,car,3,odd,6649aedcd0125561e,Clinicalrevo,fredy.dicki@hotmail.com,https://picsum.photos/200,4,20000,813-810-9607 x88976,2024-05-19 07:48:00
B1N3U8ME,6649a87e4817b6fcf,car,8,even,6649aedcd0125561e,Dreamycathou,london74@yahoo.com,https://picsum.photos/200,7,35000,1-487-845-8203 x510,2024-05-19 07:48:00
B6D1J7XI,6649a87e4817b6fcf,car,7,odd,6649aedcd0125561e,Publishednud,chris17@hotmail.com,https://picsum.photos/200,10,50000,413-891-1948 x7081,2024-05-19 07:48:00
B3C5V7SA,6649a87e4817b6fcf,car,7,odd,6649aefad0125561e,Unnecessarya,mafalda.baumbach@hotmail.com,https://picsum.photos/200,1,5000,1-320-682-2369 x0658,2024-05-19 07:49:00
B5P9V2NC,6649a87e4817b6fcf,car,2,even,6649aefad0125561e,Paintedstriv,antoinette_oconnell@yahoo.com,https://picsum.photos/200,3,15000,609-371-0711 x417,2024-05-19 07:49:00
B9X4P1NF,6649a87e4817b6fcf,car,1,odd,6649aefad0125561e,Elongatedfli,jazmin.hintz@hotmail.com,https://picsum.photos/200,10,50000,1-479-624-3676 x6362,2024-05-19 07:49:00
B3C5V7SA,6649a87e4817b6fcf,car,7,odd,6649aefbd0125561e,Milkyomen,karson.mccullough@hotmail.com,https://picsum.photos/200,3,15000,1-318-806-0229 x693,2024-05-19 07:49:00
B1H9V5RH,6649a87e4817b6fcf,car,5,odd,6649aefbd0125561e,Twentieth-ce,rashad.herman@gmail.com,https://picsum.photos/200,6,30000,703-974-5595 x75761,2024-05-19 07:49:00
B9R7T4PA,6649a87e4817b6fcf,car,4,even,6649aefbd0125561e,Declaredfing,moriah_bruen62@gmail.com,https://picsum.photos/200,9,45000,840-291-6495 x4666,2024-05-19 07:49:00
B4J2S7NA,6649a87e4817b6fcf,car,7,odd,6649aefbd0125561e,Municipalapp,maximus_daugherty@hotmail.com,https://picsum.photos/200,3,15000,821-801-7769 x5439,2024-05-19 07:49:00
B3S8Z2UD,6649a87e4817b6fcf,car,2,even,6649aefbd0125561e,Obnoxiouscap,peter43@hotmail.com,https://picsum.photos/200,7,35000,661.556.2015 x320,2024-05-19 07:49:00
B6R1T7NE,6649a87e4817b6fcf,car,7,odd,6649aefbd0125561e,Persistentlo,tyree_mante53@hotmail.com,https://picsum.photos/200,5,25000,1-351-801-4358,2024-05-19 07:49:00
B1M3U8RG,6649a87e4817b6fcf,car,8,even,6649aefcd0125561e,Prodigioussw,harrison82@gmail.com,https://picsum.photos/200,7,35000,484.402.5649 x06724,2024-05-19 07:49:00
B7U1R8ZA,6649a87e4817b6fcf,car,8,even,6649aefcd0125561e,Dialecticalc,marion_langworth95@hotmail.com,https://picsum.photos/200,6,30000,246.655.1207 x2178,2024-05-19 07:49:00
B8G2S5UF,6649a87e4817b6fcf,car,5,odd,6649aefcd0125561e,Methodologic,magdalena.rogahn52@gmail.com,https://picsum.photos/200,3,15000,333.631.4865 x3128,2024-05-19 07:49:00
B9X2W7VE,6649a87e4817b6fcf,car,7,odd,6649aefcd0125561e,Thatchedqual,alvena_herzog54@yahoo.com,https://picsum.photos/200,10,50000,1-881-385-5989,2024-05-19 07:49:00
B5S7U8TB,6649a87e4817b6fcf,car,8,even,6649aefcd0125561e,Fierydrain,hallie.harris@gmail.com,https://picsum.photos/200,4,20000,249-920-9206 x6708,2024-05-19 07:49:00
B2R7W9JD,6649a87e4817b6fcf,car,9,odd,6649aefcd0125561e,Telescopicpu,marianne.walter68@gmail.com,https://picsum.photos/200,9,45000,1-849-263-5413 x4440,2024-05-19 07:49:00
B3P9Z1CE,6649a87e4817b6fcf,car,1,odd,6649aefcd0125561e,Disorganized,tatum_shields@hotmail.com,https://picsum.photos/200,9,45000,802.835.0356 x019,2024-05-19 07:49:00
